{
    "accuracy": [
        0.5232142806053162, 
        0.711904764175415, 
        0.7398809790611267, 
        0.7556547522544861, 
        0.7729166746139526, 
        0.7967261672019958, 
        0.7982142567634583, 
        0.8142856955528259, 
        0.8247023820877075, 
        0.8235118985176086, 
        0.8315476179122925, 
        0.8389880657196045, 
        0.8422619104385376, 
        0.843154788017273, 
        0.8497023582458496
    ], 
    "loss": [
        1.263285517692566, 
        0.821709394454956, 
        0.7043649554252625,
        0.6534909009933472, 
        0.6121291518211365, 
        0.5542927980422974, 
        0.5120053887367249, 
        0.4952811598777771, 
        0.4535084366798401, 
        0.46647417545318604, 
        0.4395318031311035, 
        0.4285215437412262, 
        0.4039687514305115, 
        0.40184205770492554, 
        0.38531404733657837
        ], 
    "val_accuracy": [
        0.7690476179122925, 
        0.7785714268684387, 
        0.7928571701049805, 
        0.800000011920929, 
        0.8166666626930237, 
        0.8142856955528259, 
        0.8309524059295654, 
        0.8357142806053162, 
        0.8333333134651184, 
        0.8166666626930237, 
        0.8261904716491699, 
        0.8404762148857117, 
        0.8452380895614624, 
        0.8309524059295654, 
        0.8595238327980042
    ],
    "val_loss": [
        0.768460750579834, 
        0.6819222569465637, 
        0.6743825078010559, 
        0.588650643825531, 
        0.5716848373413086, 
        0.5679542422294617, 
        0.5584619641304016, 
        0.5261994004249573, 
        0.5354815125465393, 
        0.562598466873169, 
        0.5278765559196472,
        0.5225528478622437, 
        0.5190412402153015, 
        0.5068572759628296, 
        0.5097942352294922
    ]
}