{
    "accuracy": [0.5392857193946838, 0.6976190209388733, 0.7348214387893677, 0.7547619342803955, 0.7657738327980042, 0.7779762148857117, 0.7904762029647827, 0.7964285612106323, 0.8104166388511658, 0.8279761672019958, 0.8223214149475098, 0.8354166746139526, 0.8449404835700989, 0.8446428775787354, 0.8508928418159485], 
    "loss": [1.2107092142105103, 0.8310510516166687, 0.7393249273300171, 0.6851702928543091, 0.6359803676605225, 0.588940441608429, 0.5815241932868958, 0.5197305679321289, 0.5226552486419678, 0.47150734066963196, 0.47140955924987793, 0.45465415716171265, 0.42823326587677, 0.42247408628463745, 0.395212322473526], 
    "val_accuracy": [0.7666666507720947, 0.7547619342803955, 0.7857142686843872, 0.7857142686843872, 0.8142856955528259, 0.7928571701049805, 0.8142856955528259, 0.8380952477455139, 0.8238095045089722, 0.8261904716491699, 0.8261904716491699, 0.8285714387893677, 0.8333333134651184, 0.8380952477455139, 0.8404762148857117], 
    "val_loss": [0.7014572620391846, 0.6890109777450562, 0.6370604038238525, 0.6051037311553955, 0.5561885833740234, 0.6099444627761841, 0.5629267692565918, 0.5140134692192078, 0.49612855911254883, 0.49838483333587646, 0.493242472410202, 0.5097611546516418, 0.5003340244293213, 0.47788873314857483, 0.49504825472831726]
}